{
  "experiment": "P3_z2_symmetry",
  "prediction": "Z2 exact: gamma_rev = -gamma_norm",
  "sweep": [
    {
      "n_steps": 4,
      "ideal": {
        "fwd": {
          "00": 0.8281289192968287,
          "01": 0.09720801616462643,
          "10": 0.06681959897867894,
          "11": 0.007843465559865457
        },
        "rev": {
          "00": 0.8281289192968297,
          "01": 0.0668195989786789,
          "10": 0.09720801616462646,
          "11": 0.007843465559865453
        },
        "z2_error_ideal": 5.360295540768334e-16
      },
      "fwd": {
        "probs": {
          "00": 0.8131103515625,
          "01": 0.1033935546875,
          "10": 0.0743408203125,
          "11": 0.0091552734375
        },
        "counts": {
          "01": 847,
          "00": 6661,
          "10": 609,
          "11": 75
        },
        "shots": 8192,
        "transpiled_depth": 6,
        "job_id": "d7ab7061co6s73d8fbhg"
      },
      "rev": {
        "probs": {
          "00": 0.796630859375,
          "01": 0.0843505859375,
          "10": 0.1087646484375,
          "11": 0.01025390625
        },
        "counts": {
          "00": 6526,
          "01": 691,
          "10": 891,
          "11": 84
        },
        "shots": 8192,
        "transpiled_depth": 6,
        "job_id": "d7ab722n8nvs73e2bklg"
      },
      "z2_error_hw": 0.0164794921875,
      "z2_error_ideal": 5.360295540768334e-16,
      "zz_fwd": 0.64453125,
      "zz_rev": 0.61376953125,
      "zz_sum": 1.25830078125
    },
    {
      "n_steps": 6,
      "ideal": {
        "fwd": {
          "00": 0.7631747712843951,
          "01": 0.1657818531983437,
          "10": 0.05836495529793647,
          "11": 0.012678420219324459
        },
        "rev": {
          "00": 0.7631747712843957,
          "01": 0.05836495529793651,
          "10": 0.1657818531983439,
          "11": 0.012678420219324462
        },
        "z2_error_ideal": 3.972516759986888e-16
      },
      "fwd": {
        "probs": {
          "00": 0.74658203125,
          "01": 0.173828125,
          "10": 0.0650634765625,
          "11": 0.0145263671875
        },
        "counts": {
          "00": 6116,
          "01": 1424,
          "10": 533,
          "11": 119
        },
        "shots": 8192,
        "transpiled_depth": 6,
        "job_id": "d7ab73vbf94c73bicfeg"
      },
      "rev": {
        "probs": {
          "00": 0.753173828125,
          "01": 0.0731201171875,
          "10": 0.1590576171875,
          "11": 0.0146484375
        },
        "counts": {
          "00": 6170,
          "01": 599,
          "10": 1303,
          "11": 120
        },
        "shots": 8192,
        "transpiled_depth": 6,
        "job_id": "d7ab75e1co6s73d8fbn0"
      },
      "z2_error_hw": 0.0147705078125,
      "z2_error_ideal": 3.972516759986888e-16,
      "zz_fwd": 0.522216796875,
      "zz_rev": 0.53564453125,
      "zz_sum": 1.057861328125
    },
    {
      "n_steps": 8,
      "ideal": {
        "fwd": {
          "00": 0.780105026018849,
          "01": 0.17173183692684427,
          "10": 0.039473471502903604,
          "11": 0.008689665551403956
        },
        "rev": {
          "00": 0.7801050260188488,
          "01": 0.039473471502903625,
          "10": 0.17173183692684443,
          "11": 0.00868966555140396
        },
        "z2_error_ideal": 2.0643209364124004e-16
      },
      "fwd": {
        "probs": {
          "00": 0.7650146484375,
          "01": 0.17578125,
          "10": 0.0489501953125,
          "11": 0.01025390625
        },
        "counts": {
          "01": 1440,
          "00": 6267,
          "10": 401,
          "11": 84
        },
        "shots": 8192,
        "transpiled_depth": 6,
        "job_id": "d7ab76puh95s738lddig"
      },
      "rev": {
        "probs": {
          "00": 0.7589111328125,
          "01": 0.053955078125,
          "10": 0.173583984375,
          "11": 0.0135498046875
        },
        "counts": {
          "01": 442,
          "00": 6217,
          "11": 111,
          "10": 1422
        },
        "shots": 8192,
        "transpiled_depth": 6,
        "job_id": "d7ab7861co6s73d8fbq0"
      },
      "z2_error_hw": 0.00830078125,
      "z2_error_ideal": 2.0643209364124004e-16,
      "zz_fwd": 0.550537109375,
      "zz_rev": 0.544921875,
      "zz_sum": 1.095458984375
    },
    {
      "n_steps": 12,
      "ideal": {
        "fwd": {
          "00": 0.6967777645799602,
          "01": 0.12013986411769192,
          "10": 0.1561573908172601,
          "11": 0.026924980485088394
        },
        "rev": {
          "00": 0.6967777645799607,
          "01": 0.1561573908172601,
          "10": 0.12013986411769181,
          "11": 0.02692498048508836
        },
        "z2_error_ideal": 2.949029909160572e-16
      },
      "fwd": {
        "probs": {
          "00": 0.6884765625,
          "01": 0.133056640625,
          "10": 0.1478271484375,
          "11": 0.0306396484375
        },
        "counts": {
          "01": 1090,
          "00": 5640,
          "11": 251,
          "10": 1211
        },
        "shots": 8192,
        "transpiled_depth": 6,
        "job_id": "d7ab79huh95s738lddm0"
      },
      "rev": {
        "probs": {
          "00": 0.680419921875,
          "01": 0.17333984375,
          "10": 0.115478515625,
          "11": 0.03076171875
        },
        "counts": {
          "00": 5574,
          "10": 946,
          "11": 252,
          "01": 1420
        },
        "shots": 8192,
        "transpiled_depth": 6,
        "job_id": "d7ab7au1co6s73d8fbsg"
      },
      "z2_error_hw": 0.025634765625,
      "z2_error_ideal": 2.949029909160572e-16,
      "zz_fwd": 0.438232421875,
      "zz_rev": 0.42236328125,
      "zz_sum": 0.860595703125
    }
  ],
  "mean_z2_error": 0.01629638671875,
  "backend": "ibm_strasbourg",
  "qubits": {
    "q_fwd": 62,
    "q_inv": 81
  },
  "shots": 8192,
  "timestamp": "2026-04-07T09:35:13.228190"
}