{
  "fig1": {
    "n_steps": [
      4,
      6,
      8,
      12
    ],
    "z2_error_hw": [
      0.0164794921875,
      0.0147705078125,
      0.00830078125,
      0.025634765625
    ],
    "zz_fwd_hw": [
      0.64453125,
      0.522216796875,
      0.550537109375,
      0.438232421875
    ],
    "zz_rev_hw": [
      0.61376953125,
      0.53564453125,
      0.544921875,
      0.42236328125
    ],
    "zz_ideal": [
      0.6719447697133889,
      0.5517063830074393,
      0.5775893831405051,
      0.44740549013009656
    ],
    "max_bin_deviation": [
      0.031498059921829746,
      0.016592740034395148,
      0.02119389320634879,
      0.0171824529327399
    ],
    "mean_z2_error": 0.01629638671875
  },
  "fig2": {
    "taus": [
      1,
      5,
      12
    ],
    "intra_fano": [
      0.5352869352869353,
      0.5176068376068376,
      0.5404965404965405
    ],
    "aggr_fano": [
      0.5352869352869353,
      2.3661237429763875,
      5.643201441238907
    ],
    "rho_values": [
      [
        5,
        0.8928190139045468
      ],
      [
        12,
        0.8582520496388277
      ]
    ]
  },
  "fig3": {
    "baseline_detection": 0.088623046875,
    "mean_injected_detection": 0.9874790736607143,
    "gap_pp": 89.88560267857143,
    "n_injected": 28
  },
  "fig4": {
    "nodes": [
      0,
      1,
      2,
      3,
      4,
      5,
      6
    ],
    "mean_weights": [
      3.17706298828125,
      3.2052001953125,
      3.19696044921875,
      6.0408935546875,
      3.1197509765625,
      3.13128662109375,
      3.05072021484375
    ],
    "std_weights": [
      0.009691145118845518,
      0.005700827357829891,
      0.00677984933407237,
      0.009570655038114243,
      0.0089111328125,
      0.008653011597633856,
      0.012567166832794607
    ],
    "centre_to_periphery_ratio": 1.9196757029345781
  },
  "fig5": {
    "centre_fano_mean": 0.05536593273921424,
    "centre_fano_std": 0.009009024826542582,
    "forward_fano_mean": 0.22010175875250382,
    "forward_fano_std": 0.03212214884320917,
    "inverse_fano_mean": 0.18859564459987258,
    "inverse_fano_std": 0.009807720296251333,
    "all_sub_poissonian": true,
    "n_runs": 28
  }
}