{
  "experiment": "P5_dtc_survival",
  "prediction": "DTC subharmonic at 2T survives perturbation",
  "results": {
    "paired": {
      "dtc_analysis": {
        "power_at_T": 0.07476433724808651,
        "power_at_2T": 56.015869140625,
        "freq_at_T": 0.08333333333333333,
        "freq_at_2T": 0.0,
        "acf_lag_T": NaN,
        "acf_lag_2T": NaN,
        "dtc_ratio": 749.2324710209165,
        "mean_zz": 0.6236979166666666,
        "std_zz": 0.13811446558700388
      },
      "zz_series": [
        0.873046875,
        0.537109375,
        0.578125,
        0.46875,
        0.791015625,
        0.693359375,
        0.400390625,
        0.541015625,
        0.638671875,
        0.818359375,
        0.5625,
        0.58203125
      ]
    },
    "unpaired": {
      "dtc_analysis": {
        "power_at_T": 0.4942140674755701,
        "power_at_2T": 16.345596313476562,
        "freq_at_T": 0.08333333333333333,
        "freq_at_2T": 0.0,
        "acf_lag_T": NaN,
        "acf_lag_2T": NaN,
        "dtc_ratio": 33.07391956074693,
        "mean_zz": 0.3369140625,
        "std_zz": 0.32121286773813
      },
      "zz_series": [
        0.8984375,
        0.341796875,
        0.138671875,
        0.041015625,
        0.083984375,
        0.396484375,
        0.982421875,
        0.626953125,
        0.33984375,
        0.029296875,
        0.04296875,
        0.12109375
      ]
    },
    "perturbed": {
      "dtc_analysis": {
        "power_at_T": 0.17092870481758102,
        "power_at_2T": 56.66090393066406,
        "freq_at_T": 0.08333333333333333,
        "freq_at_2T": 0.0,
        "acf_lag_T": NaN,
        "acf_lag_2T": NaN,
        "dtc_ratio": 331.4885231894424,
        "mean_zz": 0.6272786458333334,
        "std_zz": 0.14924020840382204
      },
      "zz_series": [
        0.884765625,
        0.544921875,
        0.572265625,
        0.470703125,
        0.79296875,
        0.70703125,
        0.39453125,
        0.458984375,
        0.623046875,
        0.849609375,
        0.59765625,
        0.630859375
      ]
    }
  },
  "ideal": {
    "clean": {
      "dtc": {
        "power_at_T": 0.02842545861328469,
        "power_at_2T": 1.585334834578008,
        "freq_at_T": 0.08333333333333333,
        "freq_at_2T": 0.041666666666666664,
        "acf_lag_T": 0.3866230256834782,
        "acf_lag_2T": 0.3860690750739339,
        "dtc_ratio": 55.77165371879344,
        "mean_zz": 0.6309797147297033,
        "std_zz": 0.12666566190980963
      },
      "zz": [
        0.8885729807284855,
        0.8268109237930035,
        0.7422128188182563,
        0.6719447697133893,
        0.5751335802807171,
        0.5517063830074396,
        0.5548303179334663,
        0.5775893831405048,
        0.6182423041756312,
        0.5690577487503315,
        0.4775904882178885,
        0.4474054901300962,
        0.4415223367018811,
        0.5045827621754542,
        0.6162889512153849,
        0.7052728315559884,
        0.7357535930091599,
        0.7795407385011757,
        0.8104610416438525,
        0.7711371331789935,
        0.6627442226128879,
        0.6116310765595574,
        0.5425034172644568,
        0.5174323683534401,
        0.45196407218822016,
        0.4066048144512447,
        0.4113543553619264,
        0.4548502583122897,
        0.5234708318877557,
        0.58140161779574,
        0.6148768399343709,
        0.6231442940925226,
        0.6518116563068067,
        0.7234378954074656,
        0.830353141104328,
        0.8323691208776437,
        0.8335835117133378,
        0.8410684052406984,
        0.8198706521551294,
        0.6723473201769676,
        0.5815603457701995,
        0.5668322253294765,
        0.5640807039025962,
        0.583209038934048,
        0.5857426848622587,
        0.6118218776029536,
        0.6279872871214377,
        0.6933156950348941
      ]
    },
    "control": {
      "dtc": {
        "power_at_T": 11.241230737346935,
        "power_at_2T": 75.6885909823148,
        "freq_at_T": 0.08333333333333333,
        "freq_at_2T": 0.041666666666666664,
        "acf_lag_T": 0.03654141368260907,
        "acf_lag_2T": 0.16086148716725962,
        "dtc_ratio": 6.733123156244209,
        "mean_zz": 0.2970496298082386,
        "std_zz": 0.2916037130735625
      },
      "zz": [
        0.8885729807284852,
        0.8187792755130253,
        0.6895980411197541,
        0.5233674471205452,
        0.30636577615236665,
        0.20218272724988343,
        0.180018002717444,
        0.1441139490461592,
        0.09942620717882977,
        0.058889568358903716,
        0.0321940516435317,
        0.030768565080296573,
        0.03239119663195726,
        0.04021078917421371,
        0.0655620020158626,
        0.0779623979384723,
        0.0846769606862709,
        0.09802417928634964,
        0.12608260298816049,
        0.22938629656317333,
        0.3515052187468832,
        0.4146788408816468,
        0.5621724207591783,
        0.7912646773990476,
        0.99917496111795,
        0.8980071212473067,
        0.8394218540614808,
        0.74084516091588,
        0.6213204694735552,
        0.4576840048185119,
        0.35613757260273715,
        0.32785576047287235,
        0.273607212863313,
        0.20023511866062327,
        0.11203192337861645,
        0.049041104093049154,
        0.03833235157626102,
        0.025522657208454688,
        0.0160020337602935,
        0.012949128370641674,
        0.012307540631629449,
        0.014085296622219037,
        0.019367714042728502,
        0.03725738698125407,
        0.14185700302104434,
        0.2975926775161807,
        0.3754180684396725,
        0.5441339339387373
      ]
    }
  },
  "backend": "ibm_kingston",
  "qubits": {
    "q_fwd": 13,
    "q_inv": 15
  },
  "shots": 1024,
  "epsilon": 0.1,
  "n_max": 48,
  "stride": 4,
  "step_list": [
    1,
    5,
    9,
    13,
    17,
    21,
    25,
    29,
    33,
    37,
    41,
    45
  ],
  "timestamp": "2026-04-12T17:46:19.391468"
}