{
  "experiment": "P1_ramsey_berry_phase",
  "prediction": "Berry phase separation = 7.13 rad",
  "method": "forward_vs_reversed_chirality_ramsey",
  "sweep": [
    {
      "n_steps": 1,
      "fwd": {
        "Z": {
          "label": "Ramsey n=1 fwd Z",
          "counts": {
            "00": 3440,
            "10": 379,
            "01": 245,
            "11": 32
          },
          "shots": 4096,
          "probs": {
            "00": 0.83984375,
            "10": 0.092529296875,
            "01": 0.059814453125,
            "11": 0.0078125
          },
          "z_fwd": 0.79931640625,
          "z_inv": 0.86474609375,
          "zz": 0.6953125,
          "transpiled_depth": 6,
          "job_id": "d7bnplp4p4gc73f4jdig"
        }
      },
      "rev": {
        "Z": {
          "label": "Ramsey n=1 rev Z",
          "counts": {
            "00": 3432,
            "01": 368,
            "10": 263,
            "11": 33
          },
          "shots": 4096,
          "probs": {
            "00": 0.837890625,
            "01": 0.08984375,
            "10": 0.064208984375,
            "11": 0.008056640625
          },
          "z_fwd": 0.85546875,
          "z_inv": 0.80419921875,
          "zz": 0.69189453125,
          "transpiled_depth": 6,
          "job_id": "d7bnpncdm0ls73ca1h5g"
        }
      },
      "z_fwd_diff": -0.05615234375,
      "z_inv_diff": 0.060546875,
      "zz_fwd": 0.6953125,
      "zz_rev": 0.69189453125,
      "zz_diff": 0.00341796875
    },
    {
      "n_steps": 2,
      "fwd": {
        "Z": {
          "label": "Ramsey n=2 fwd Z",
          "counts": {
            "10": 1101,
            "00": 2277,
            "01": 478,
            "11": 240
          },
          "shots": 4096,
          "probs": {
            "10": 0.268798828125,
            "00": 0.555908203125,
            "01": 0.11669921875,
            "11": 0.05859375
          },
          "z_fwd": 0.34521484375,
          "z_inv": 0.6494140625,
          "zz": 0.22900390625,
          "transpiled_depth": 6,
          "job_id": "d7bnpoir4f1s73a2ej90"
        }
      },
      "rev": {
        "Z": {
          "label": "Ramsey n=2 rev Z",
          "counts": {
            "00": 2231,
            "01": 1093,
            "10": 514,
            "11": 258
          },
          "shots": 4096,
          "probs": {
            "00": 0.544677734375,
            "01": 0.266845703125,
            "10": 0.12548828125,
            "11": 0.06298828125
          },
          "z_fwd": 0.623046875,
          "z_inv": 0.34033203125,
          "zz": 0.21533203125,
          "transpiled_depth": 6,
          "job_id": "d7bnppqr4f1s73a2ejag"
        }
      },
      "z_fwd_diff": -0.27783203125,
      "z_inv_diff": 0.30908203125,
      "zz_fwd": 0.22900390625,
      "zz_rev": 0.21533203125,
      "zz_diff": 0.013671875
    },
    {
      "n_steps": 3,
      "fwd": {
        "Z": {
          "label": "Ramsey n=3 fwd Z",
          "counts": {
            "10": 1508,
            "11": 894,
            "00": 1045,
            "01": 649
          },
          "shots": 4096,
          "probs": {
            "10": 0.3681640625,
            "11": 0.21826171875,
            "00": 0.255126953125,
            "01": 0.158447265625
          },
          "z_fwd": -0.1728515625,
          "z_inv": 0.24658203125,
          "zz": -0.05322265625,
          "transpiled_depth": 6,
          "job_id": "d7bnpr4dm0ls73ca1hag"
        }
      },
      "rev": {
        "Z": {
          "label": "Ramsey n=3 rev Z",
          "counts": {
            "10": 623,
            "11": 892,
            "01": 1533,
            "00": 1048
          },
          "shots": 4096,
          "probs": {
            "10": 0.152099609375,
            "11": 0.2177734375,
            "01": 0.374267578125,
            "00": 0.255859375
          },
          "z_fwd": 0.26025390625,
          "z_inv": -0.18408203125,
          "zz": -0.052734375,
          "transpiled_depth": 6,
          "job_id": "d7bnps8evlqs73a4apo0"
        }
      },
      "z_fwd_diff": -0.43310546875,
      "z_inv_diff": 0.4306640625,
      "zz_fwd": -0.05322265625,
      "zz_rev": -0.052734375,
      "zz_diff": -0.00048828125
    },
    {
      "n_steps": 4,
      "fwd": {
        "Z": {
          "label": "Ramsey n=4 fwd Z",
          "counts": {
            "10": 1497,
            "01": 381,
            "11": 1920,
            "00": 298
          },
          "shots": 4096,
          "probs": {
            "10": 0.365478515625,
            "01": 0.093017578125,
            "11": 0.46875,
            "00": 0.07275390625
          },
          "z_fwd": -0.66845703125,
          "z_inv": -0.12353515625,
          "zz": 0.0830078125,
          "transpiled_depth": 6,
          "job_id": "d7bnpth4p4gc73f4jdpg"
        }
      },
      "rev": {
        "Z": {
          "label": "Ramsey n=4 rev Z",
          "counts": {
            "01": 1495,
            "11": 1848,
            "10": 429,
            "00": 324
          },
          "shots": 4096,
          "probs": {
            "01": 0.364990234375,
            "11": 0.451171875,
            "10": 0.104736328125,
            "00": 0.0791015625
          },
          "z_fwd": -0.11181640625,
          "z_inv": -0.63232421875,
          "zz": 0.060546875,
          "transpiled_depth": 6,
          "job_id": "d7bnpuoevlqs73a4apqg"
        }
      },
      "z_fwd_diff": -0.556640625,
      "z_inv_diff": 0.5087890625,
      "zz_fwd": 0.0830078125,
      "zz_rev": 0.060546875,
      "zz_diff": 0.0224609375
    },
    {
      "n_steps": 6,
      "fwd": {
        "Z": {
          "label": "Ramsey n=6 fwd Z",
          "counts": {
            "11": 2527,
            "01": 509,
            "00": 182,
            "10": 878
          },
          "shots": 4096,
          "probs": {
            "11": 0.616943359375,
            "01": 0.124267578125,
            "00": 0.04443359375,
            "10": 0.21435546875
          },
          "z_fwd": -0.66259765625,
          "z_inv": -0.482421875,
          "zz": 0.32275390625,
          "transpiled_depth": 6,
          "job_id": "d7bnq00evlqs73a4apsg"
        }
      },
      "rev": {
        "Z": {
          "label": "Ramsey n=6 rev Z",
          "counts": {
            "11": 2469,
            "01": 938,
            "10": 504,
            "00": 185
          },
          "shots": 4096,
          "probs": {
            "11": 0.602783203125,
            "01": 0.22900390625,
            "10": 0.123046875,
            "00": 0.045166015625
          },
          "z_fwd": -0.45166015625,
          "z_inv": -0.66357421875,
          "zz": 0.2958984375,
          "transpiled_depth": 6,
          "job_id": "d7bnq14dm0ls73ca1hh0"
        }
      },
      "z_fwd_diff": -0.2109375,
      "z_inv_diff": 0.18115234375,
      "zz_fwd": 0.32275390625,
      "zz_rev": 0.2958984375,
      "zz_diff": 0.02685546875
    },
    {
      "n_steps": 8,
      "fwd": {
        "Z": {
          "label": "Ramsey n=8 fwd Z",
          "counts": {
            "01": 2515,
            "11": 836,
            "10": 197,
            "00": 548
          },
          "shots": 4096,
          "probs": {
            "01": 0.614013671875,
            "11": 0.2041015625,
            "10": 0.048095703125,
            "00": 0.1337890625
          },
          "z_fwd": 0.49560546875,
          "z_inv": -0.63623046875,
          "zz": -0.32421875,
          "transpiled_depth": 6,
          "job_id": "d7bnq2cdm0ls73ca1hig"
        }
      },
      "rev": {
        "Z": {
          "label": "Ramsey n=8 rev Z",
          "counts": {
            "10": 2421,
            "00": 641,
            "01": 201,
            "11": 833
          },
          "shots": 4096,
          "probs": {
            "10": 0.591064453125,
            "00": 0.156494140625,
            "01": 0.049072265625,
            "11": 0.203369140625
          },
          "z_fwd": -0.5888671875,
          "z_inv": 0.4951171875,