{
  "experiment": "P1_ramsey_berry_phase",
  "prediction": "Berry phase separation = 7.13 rad",
  "method": "forward_vs_reversed_chirality_ramsey",
  "sweep": [
    {
      "n_steps": 1,
      "fwd": {
        "Z": {
          "label": "Ramsey n=1 fwd Z",
          "counts": {
            "00": 3580,
            "10": 295,
            "01": 202,
            "11": 19
          },
          "shots": 4096,
          "probs": {
            "00": 0.8740234375,
            "10": 0.072021484375,
            "01": 0.04931640625,
            "11": 0.004638671875
          },
          "z_fwd": 0.8466796875,
          "z_inv": 0.89208984375,
          "zz": 0.75732421875,
          "transpiled_depth": 6,
          "job_id": "d7ds1rjklj2c73f22co0"
        }
      },
      "rev": {
        "Z": {
          "label": "Ramsey n=1 rev Z",
          "counts": {
            "00": 3599,
            "01": 312,
            "10": 169,
            "11": 16
          },
          "shots": 4096,
          "probs": {
            "00": 0.878662109375,
            "01": 0.076171875,
            "10": 0.041259765625,
            "11": 0.00390625
          },
          "z_fwd": 0.90966796875,
          "z_inv": 0.83984375,
          "zz": 0.76513671875,
          "transpiled_depth": 6,
          "job_id": "d7ds1um5nvhs73a62mk0"
        }
      },
      "z_fwd_diff": -0.06298828125,
      "z_inv_diff": 0.05224609375,
      "zz_fwd": 0.75732421875,
      "zz_rev": 0.76513671875,
      "zz_diff": -0.0078125
    },
    {
      "n_steps": 2,
      "fwd": {
        "Z": {
          "label": "Ramsey n=2 fwd Z",
          "counts": {
            "10": 1023,
            "00": 2361,
            "11": 214,
            "01": 498
          },
          "shots": 4096,
          "probs": {
            "10": 0.249755859375,
            "00": 0.576416015625,
            "11": 0.05224609375,
            "01": 0.12158203125
          },
          "z_fwd": 0.39599609375,
          "z_inv": 0.65234375,
          "zz": 0.25732421875,
          "transpiled_depth": 6,
          "job_id": "d7ds20h5a5qc73dq87gg"
        }
      },
      "rev": {
        "Z": {
          "label": "Ramsey n=2 rev Z",
          "counts": {
            "10": 430,
            "01": 1144,
            "00": 2338,
            "11": 184
          },
          "shots": 4096,
          "probs": {
            "10": 0.10498046875,
            "01": 0.279296875,
            "00": 0.57080078125,
            "11": 0.044921875
          },
          "z_fwd": 0.7001953125,
          "z_inv": 0.3515625,
          "zz": 0.2314453125,
          "transpiled_depth": 6,
          "job_id": "d7ds2bh5a5qc73dq87t0"
        }
      },
      "z_fwd_diff": -0.30419921875,
      "z_inv_diff": 0.30078125,
      "zz_fwd": 0.25732421875,
      "zz_rev": 0.2314453125,
      "zz_diff": 0.02587890625
    },
    {
      "n_steps": 3,
      "fwd": {
        "Z": {
          "label": "Ramsey n=3 fwd Z",
          "counts": {
            "00": 1030,
            "10": 1538,
            "01": 656,
            "11": 872
          },
          "shots": 4096,
          "probs": {
            "00": 0.25146484375,
            "10": 0.37548828125,
            "01": 0.16015625,
            "11": 0.212890625
          },
          "z_fwd": -0.1767578125,
          "z_inv": 0.25390625,
          "zz": -0.0712890625,
          "transpiled_depth": 6,
          "job_id": "d7ds2db0g7hs73dsaib0"
        }
      },
      "rev": {
        "Z": {
          "label": "Ramsey n=3 rev Z",
          "counts": {
            "01": 1606,
            "11": 889,
            "10": 573,
            "00": 1028
          },
          "shots": 4096,
          "probs": {
            "01": 0.39208984375,
            "11": 0.217041015625,
            "10": 0.139892578125,
            "00": 0.2509765625
          },
          "z_fwd": 0.2861328125,
          "z_inv": -0.21826171875,
          "zz": -0.06396484375,
          "transpiled_depth": 6,
          "job_id": "d7ds2h30g7hs73dsaif0"
        }
      },
      "z_fwd_diff": -0.462890625,
      "z_inv_diff": 0.47216796875,
      "zz_fwd": -0.0712890625,
      "zz_rev": -0.06396484375,
      "zz_diff": -0.00732421875
    },
    {
      "n_steps": 4,
      "fwd": {
        "Z": {
          "label": "Ramsey n=4 fwd Z",
          "counts": {
            "10": 1460,
            "01": 393,
            "11": 1909,
            "00": 334
          },
          "shots": 4096,
          "probs": {
            "10": 0.3564453125,
            "01": 0.095947265625,
            "11": 0.466064453125,
            "00": 0.08154296875
          },
          "z_fwd": -0.64501953125,
          "z_inv": -0.1240234375,
          "zz": 0.09521484375,
          "transpiled_depth": 6,
          "job_id": "d7ds2ir0g7hs73dsaiig"
        }
      },
      "rev": {
        "Z": {
          "label": "Ramsey n=4 rev Z",
          "counts": {
            "11": 1840,
            "01": 1536,
            "10": 373,
            "00": 347
          },
          "shots": 4096,
          "probs": {
            "11": 0.44921875,
            "01": 0.375,
            "10": 0.091064453125,
            "00": 0.084716796875
          },
          "z_fwd": -0.08056640625,
          "z_inv": -0.6484375,
          "zz": 0.06787109375,
          "transpiled_depth": 6,
          "job_id": "d7ds2mh5a5qc73dq88c0"
        }
      },
      "z_fwd_diff": -0.564453125,
      "z_inv_diff": 0.5244140625,
      "zz_fwd": 0.09521484375,
      "zz_rev": 0.06787109375,
      "zz_diff": 0.02734375
    },
    {
      "n_steps": 6,
      "fwd": {
        "Z": {
          "label": "Ramsey n=6 fwd Z",
          "counts": {
            "01": 515,
            "11": 2516,
            "10": 895,
            "00": 170
          },
          "shots": 4096,
          "probs": {
            "01": 0.125732421875,
            "11": 0.6142578125,
            "10": 0.218505859375,
            "00": 0.04150390625
          },
          "z_fwd": -0.66552734375,
          "z_inv": -0.47998046875,
          "zz": 0.3115234375,
          "transpiled_depth": 6,
          "job_id": "d7ds2o95a5qc73dq88eg"
        }
      },
      "rev": {
        "Z": {
          "label": "Ramsey n=6 rev Z",
          "counts": {
            "10": 444,
            "11": 2541,
            "01": 946,
            "00": 165
          },
          "shots": 4096,
          "probs": {
            "10": 0.1083984375,
            "11": 0.620361328125,
            "01": 0.23095703125,
            "00": 0.040283203125
          },
          "z_fwd": -0.45751953125,
          "z_inv": -0.70263671875,
          "zz": 0.3212890625,
          "transpiled_depth": 6,
          "job_id": "d7ds33m5nvhs73a62o2g"
        }
      },
      "z_fwd_diff": -0.2080078125,
      "z_inv_diff": 0.22265625,
      "zz_fwd": 0.3115234375,
      "zz_rev": 0.3212890625,
      "zz_diff": -0.009765625
    },
    {
      "n_steps": 8,
      "fwd": {
        "Z": {
          "label": "Ramsey n=8 fwd Z",
          "counts": {
            "01": 2609,
            "11": 735,
            "00": 590,
            "10": 162
          },
          "shots": 4096,
          "probs": {
            "01": 0.636962890625,
            "11": 0.179443359375,
            "00": 0.14404296875,
            "10": 0.03955078125
          },
          "z_fwd": 0.56201171875,
          "z_inv": -0.6328125,
          "zz": -0.35302734375,
          "transpiled_depth": 6,
          "job_id": "d7ds373klj2c73f22eag"
        }
      },
      "rev": {
        "Z": {
          "label": "Ramsey n=8 rev Z",
          "counts": {
            "11": 832,
            "10": 2425,
            "00": 601,
            "01": 238
          },
          "shots": 4096,
          "probs": {
            "11": 0.203125,
            "10": 0.592041015625,
            "00": 0.146728515625,
            "01": 0.05810546875
          },
          "z_fwd": -0.59033203125,
          "z_inv": 0.4775390625,
          "zz": -0.30029296875,