{
  "tau_1": {
    "total_shots": 4096,
    "tau": 1,
    "detection_rate": 0.732421875,
    "mean_syndrome_weight": 1.46484375,
    "var_syndrome_weight": 0.7841117216117216,
    "fano_factor": 0.5352869352869353,
    "sub_poissonian": "True",
    "per_round_fano": [
      0.5352869352869353
    ],
    "edge_fire_rates": [
      0.477294921875,
      0.491943359375,
      0.49560546875
    ],
    "edge_chi_diff": [
      1,
      1,
      2
    ]
  },
  "tau_5": {
    "total_shots": 4096,
    "tau": 5,
    "detection_rate": 0.782470703125,
    "mean_syndrome_weight": 7.41259765625,
    "var_syndrome_weight": 17.539123311584248,
    "fano_factor": 2.3661237429763875,
    "sub_poissonian": "False",
    "per_round_fano": [
      0.5147741147741147,
      0.5230769230769231,
      0.5172161172161172,
      0.5167277167277167,
      0.5162393162393162
    ],
    "edge_fire_rates": [
      0.489599609375,
      0.501953125,
      0.490966796875
    ],
    "edge_chi_diff": [
      1,
      1,
      2
    ]
  },
  "tau_12": {
    "total_shots": 4096,
    "tau": 12,
    "detection_rate": 0.816162109375,
    "mean_syndrome_weight": 17.515625,
    "var_syndrome_weight": 98.84420024420024,
    "fano_factor": 5.643201441238907,
    "sub_poissonian": "False",
    "per_round_fano": [
      0.5401709401709401,
      0.5377289377289377,
      0.547008547008547,
      0.5426129426129427,
      0.5401709401709401,
      0.5411477411477411,
      0.5396825396825397,
      0.5416361416361416,
      0.5416361416361416,
      0.5445665445665446,
      0.5391941391941392,
      0.5304029304029304
    ],
    "edge_fire_rates": [
      0.47247314453125,
      0.4850667317708333,
      0.5020955403645834
    ],
    "edge_chi_diff": [
      1,
      1,
      2
    ]
  }
}